<?xml version="1.0" encoding="utf-8"?>
<objectModel xsi:schemaLocation="http://standards.ieee.org/IEEE1516-2010 http://standards.ieee.org/downloads/1516/1516.2-2010/IEEE1516-DIF-2010.xsd" xmlns="http://standards.ieee.org/IEEE1516-2010" xmlns:xsi="http://www.w3.org/2001/XMLSchema-instance">
   <modelIdentification>
      <name>HelloWorld.xml</name>
      <type>SOM</type>
      <version>1.0</version>
      <modificationDate>2001-05-21</modificationDate>
      <securityClassification>Undefined</securityClassification>
      <purpose>Example SOM</purpose>
      <applicationDomain>HLA RTI Verification</applicationDomain>
      <description>Undefined</description>
      <poc>
         <pocType>Primary author</pocType>
         <pocName>Susan Symington</pocName>
         <pocOrg>MITRE W150</pocOrg>
         <pocTelephone>+1 703-883-7209</pocTelephone>
         <pocEmail>susan@mitre.org</pocEmail>
      </poc>
      <poc>
         <pocType>Sponsor</pocType>
         <pocName>DMSO</pocName>
      </poc>
      <reference>
         <type>Text</type>
         <identification>http://www.dmso.mil/index.php?page=72</identification>
      </reference>
      <reference>
         <type>HLA Evolved Conversion Tool</type>
         <identification>Pitch Visual OMT 1516 v1.5.1</identification>
      </reference>
      <reference>
         <type>Converted From</type>
         <identification>Chat.xml</identification>
      </reference>
   </modelIdentification>
 <serviceUtilization>
		<connect section="4.2" isCallback="false" isUsed="true"/>
		<disconnect section="4.3" isCallback="false" isUsed="true"/>
		<connectionLost section="4.4" isCallback="true" isUsed="false"/>
		<createFederationExecution section="4.5" isCallback="false" isUsed="true"/>
		<destroyFederationExecution section="4.6" isCallback="false" isUsed="true"/>
		<listFederationExecutions section="4.7" isCallback="false" isUsed="false"/>
		<reportFederationExecutions section="4.8" isCallback="true" isUsed="false"/>
		<joinFederationExecution section="4.9" isCallback="false" isUsed="true"/>
		<resignFederationExecution section="4.10" isCallback="false" isUsed="true"/>
		<registerFederationSynchronizationPoint section="4.11" isCallback="false" isUsed="false"/>
		<confirmSynchronizationPointRegistration section="4.12" isCallback="true" isUsed="false"/>
		<announceSynchronizationPoint section="4.13" isCallback="true" isUsed="false"/>
		<synchronizationPointAchieved section="4.14" isCallback="false" isUsed="false"/>
		<federationSynchronized section="4.15" isCallback="true" isUsed="false"/>
		<requestFederationSave section="4.16" isCallback="false" isUsed="false"/>
		<initiateFederateSave section="4.17" isCallback="true" isUsed="false"/>
		<federateSaveBegun section="4.18" isCallback="false" isUsed="false"/>
		<federateSaveComplete section="4.19" isCallback="false" isUsed="false"/>
		<federationSaved section="4.20" isCallback="true" isUsed="false"/>
		<abortFederationSave section="4.21" isCallback="false" isUsed="false"/>
		<queryFederationSaveStatus section="4.22" isCallback="false" isUsed="false"/>
		<federationSaveStatusResponse section="4.23" isCallback="true" isUsed="false"/>
		<requestFederationRestore section="4.24" isCallback="false" isUsed="false"/>
		<confirmFederationRestorationRequest section="4.25" isCallback="true" isUsed="false"/>
		<federationRestoreBegun section="4.26" isCallback="true" isUsed="false"/>
		<initiateFederateRestore section="4.27" isCallback="true" isUsed="false"/>
		<federateRestoreComplete section="4.28" isCallback="false" isUsed="false"/>
		<federationRestored section="4.29" isCallback="true" isUsed="false"/>
		<abortFederationRestore section="4.30" isCallback="false" isUsed="false"/>
		<queryFederationRestoreStatus section="4.31" isCallback="false" isUsed="false"/>
		<federationRestoreStatusResponse section="4.32" isCallback="true" isUsed="false"/>
		<publishObjectClassAttributes section="5.2" isCallback="false" isUsed="true"/>
		<unpublishObjectClassAttributes section="5.3" isCallback="false" isUsed="false"/>
		<publishInteractionClass section="5.4" isCallback="false" isUsed="true"/>
		<unpublishInteractionClass section="5.5" isCallback="false" isUsed="false"/>
		<subscribeObjectClassAttributes section="5.6" isCallback="false" isUsed="true"/>
		<unsubscribeObjectClassAttributes section="5.7" isCallback="false" isUsed="false"/>
		<subscribeInteractionClass section="5.8" isCallback="false" isUsed="true"/>
		<unsubscribeInteractionClass section="5.9" isCallback="false" isUsed="false"/>
		<startRegistrationForObjectClass section="5.10" isCallback="true" isUsed="false"/>
		<stopRegistrationForObjectClass section="5.11" isCallback="true" isUsed="false"/>
		<turnInteractionsOn section="5.12" isCallback="true" isUsed="false"/>
		<turnInteractionsOff section="5.13" isCallback="true" isUsed="false"/>
		<reserveObjectInstanceName section="6.2" isCallback="false" isUsed="true"/>
		<objectInstanceNameReserved section="6.3" isCallback="true" isUsed="true"/>
		<releaseObjectInstanceName section="6.4" isCallback="false" isUsed="false"/>
		<reserveMultipleObjectInstanceNames section="6.5" isCallback="false" isUsed="false"/>
		<multipleObjectInstanceNamesReserved section="6.6" isCallback="true" isUsed="false"/>
		<releaseMultipleObjectInstanceNames section="6.7" isCallback="false" isUsed="false"/>
		<registerObjectInstance section="6.8" isCallback="false" isUsed="true"/>
		<discoverObjectInstance section="6.9" isCallback="true" isUsed="true"/>
		<updateAttributeValues section="6.10" isCallback="false" isUsed="true"/>
		<reflectAttributeValues section="6.11" isCallback="true" isUsed="true"/>
		<sendInteraction section="6.12" isCallback="false" isUsed="true"/>
		<receiveInteraction section="6.13" isCallback="true" isUsed="true"/>
		<deleteObjectInstance section="6.14" isCallback="false" isUsed="false"/>
		<removeobjectinstance section="6.15" isCallback="true" isUsed="false"/>
		<localDeleteObjectInstance section="6.16" isCallback="false" isUsed="false"/>
		<attributesInScope section="6.17" isCallback="true" isUsed="false"/>
		<attributesOutOfScope section="6.18" isCallback="true" isUsed="false"/>
		<requestAttributeValueUpdate section="6.19" isCallback="false" isUsed="false"/>
		<provideAttributeValueUpdate section="6.20" isCallback="true" isUsed="false"/>
		<turnUpdatesOnForObjectInstance section="6.21" isCallback="true" isUsed="false"/>
		<turnUpdatesOffForObjectInstance section="6.22" isCallback="true" isUsed="false"/>
		<requestAttributeTransportationTypeChange section="6.23" isCallback="false" isUsed="false"/>
		<confirmAttributeTransportationTypeChange section="6.24" isCallback="true" isUsed="false"/>
		<queryAttributeTransportationType section="6.25" isCallback="false" isUsed="false"/>
		<reportAttributeTransportationType section="6.26" isCallback="true" isUsed="false"/>
		<requestInteractionTransportationTypeChange section="6.27" isCallback="false" isUsed="false"/>
		<confirmInteractionTransportationTypeChange section="6.28" isCallback="true" isUsed="false"/>
		<queryInteractionTransportationType section="6.29" isCallback="false" isUsed="false"/>
		<reportInteractionTransportationType section="6.30" isCallback="true" isUsed="false"/>
		<unconditionalAttributeOwnershipDivestiture section="7.2" isCallback="false" isUsed="false"/>
		<negotiatedAttributeOwnershipDivestiture section="7.3" isCallback="false" isUsed="false"/>
		<requestAttributeOwnershipAssumption section="7.4" isCallback="true" isUsed="false"/>
		<requestDivestitureConfirmation section="7.5" isCallback="true" isUsed="false"/>
		<confirmDivestiture section="7.6" isCallback="false" isUsed="false"/>
		<attributeOwnershipAcquisitionNotification section="7.7" isCallback="true" isUsed="false"/>
		<attributeOwnershipAcquisition section="7.8" isCallback="false" isUsed="false"/>
		<attributeOwnershipAcquisitionIfAvailable section="7.9" isCallback="false" isUsed="false"/>
		<attributeOwnershipUnavailable section="7.10" isCallback="true" isUsed="false"/>
		<requestAttributeOwnershipRelease section="7.11" isCallback="true" isUsed="false"/>
		<attributeOwnershipReleaseDenied section="7.12" isCallback="false" isUsed="false"/>
		<attributeOwnershipDivestitureIfWanted section="7.13" isCallback="false" isUsed="false"/>
		<cancelNegotiatedAttributeOwnershipDivestiture section="7.14" isCallback="false" isUsed="false"/>
		<cancelAttributeOwnershipAcquisition section="7.15" isCallback="false" isUsed="false"/>
		<confirmAttributeOwnershipAcquisitionCancellation section="7.16" isCallback="true" isUsed="false"/>
		<queryAttributeOwnership section="7.17" isCallback="false" isUsed="false"/>
		<informAttributeOwnership section="7.18" isCallback="true" isUsed="false"/>
		<isAttributeOwnedByFederate section="7.19" isCallback="false" isUsed="false"/>
		<enableTimeRegulation section="8.2" isCallback="false" isUsed="false"/>
		<timeRegulationEnabled section="8.3" isCallback="true" isUsed="false"/>
		<disableTimeRegulation section="8.4" isCallback="false" isUsed="false"/>
		<enableTimeConstrained section="8.5" isCallback="false" isUsed="false"/>
		<timeConstrainedEnabled section="8.6" isCallback="true" isUsed="false"/>
		<disableTimeConstrained section="8.7" isCallback="false" isUsed="false"/>
		<timeAdvanceRequest section="8.8" isCallback="false" isUsed="false"/>
		<timeAdvanceRequestAvailable section="8.9" isCallback="false" isUsed="false"/>
		<nextMessageRequest section="8.10" isCallback="false" isUsed="false"/>
		<nextMessageRequestAvailable section="8.11" isCallback="false" isUsed="false"/>
		<flushQueueRequest section="8.12" isCallback="false" isUsed="false"/>
		<timeAdvanceGrant section="8.13" isCallback="true" isUsed="false"/>
		<enableAsynchronousDelivery section="8.14" isCallback="false" isUsed="false"/>
		<disableAsynchronousDelivery section="8.15" isCallback="false" isUsed="false"/>
		<queryGALT section="8.16" isCallback="false" isUsed="false"/>
		<queryLogicalTime section="8.17" isCallback="false" isUsed="false"/>
		<queryLITS section="8.18" isCallback="false" isUsed="false"/>
		<modifyLookahead section="8.19" isCallback="false" isUsed="false"/>
		<queryLookahead section="8.20" isCallback="false" isUsed="false"/>
		<retract section="8.21" isCallback="false" isUsed="false"/>
		<requestRetraction section="8.22" isCallback="true" isUsed="false"/>
		<changeAttributeOrderType section="8.23" isCallback="false" isUsed="false"/>
		<changeInteractionOrderType section="8.24" isCallback="false" isUsed="false"/>
		<createRegion section="9.2" isCallback="false" isUsed="false"/>
		<commitRegionModifications section="9.3" isCallback="false" isUsed="false"/>
		<deleteRegion section="9.4" isCallback="false" isUsed="false"/>
		<registerObjectInstanceWithRegions section="9.5" isCallback="false" isUsed="false"/>
		<associateRegionsForUpdates section="9.6" isCallback="false" isUsed="false"/>
		<unassociateRegionsForUpdates section="9.7" isCallback="false" isUsed="false"/>
		<subscribeObjectClassAttributesWithRegions section="9.8" isCallback="false" isUsed="false"/>
		<unsubscribeObjectClassAttributesWithRegions section="9.9" isCallback="false" isUsed="false"/>
		<subscribeInteractionClassWithRegions section="9.10" isCallback="false" isUsed="false"/>
		<unsubscribeInteractionClassWithRegions section="9.11" isCallback="false" isUsed="false"/>
		<sendInteractionWithRegions section="9.12" isCallback="false" isUsed="false"/>
		<requestAttributeValueUpdateWithRegions section="9.13" isCallback="false" isUsed="false"/>
		<getAutomaticResignDirective section="10.2" isCallback="false" isUsed="false"/>
		<setAutomaticResignDirective section="10.3" isCallback="false" isUsed="false"/>
		<getFederateHandle section="10.4" isCallback="false" isUsed="false"/>
		<getFederateName section="10.5" isCallback="false" isUsed="false"/>
		<getObjectClassHandle section="10.6" isCallback="false" isUsed="true"/>
		<getObjectClassName section="10.7" isCallback="false" isUsed="false"/>
		<getKnownObjectClassHandle section="10.8" isCallback="false" isUsed="false"/>
		<getObjectInstanceHandle section="10.9" isCallback="false" isUsed="false"/>
		<getObjectInstanceName section="10.10" isCallback="false" isUsed="false"/>
		<getAttributeHandle section="10.11" isCallback="false" isUsed="true"/>
		<getAttributeName section="10.12" isCallback="false" isUsed="false"/>
		<getUpdateRateValue section="10.13" isCallback="false" isUsed="false"/>
		<getUpdateRateValueForAttribute section="10.14" isCallback="false" isUsed="false"/>
		<getInteractionClassHandle section="10.15" isCallback="false" isUsed="true"/>
		<getInteractionClassName section="10.16" isCallback="false" isUsed="false"/>
		<getParameterHandle section="10.17" isCallback="false" isUsed="true"/>
		<getParameterName section="10.18" isCallback="false" isUsed="false"/>
		<getOrderType section="10.19" isCallback="false" isUsed="false"/>
		<getOrderName section="10.20" isCallback="false" isUsed="false"/>
		<getTransportationTypeHandle section="10.21" isCallback="false" isUsed="false"/>
		<getTransportationTypeName section="10.22" isCallback="false" isUsed="false"/>
		<getAvailableDimensionsForClassAttribute section="10.23" isCallback="false" isUsed="false"/>
		<getAvailableDimensionsForInteractionClass section="10.24" isCallback="false" isUsed="false"/>
		<getDimensionHandle section="10.25" isCallback="false" isUsed="false"/>
		<getDimensionName section="10.26" isCallback="false" isUsed="false"/>
		<getDimensionUpperBound section="10.27" isCallback="false" isUsed="false"/>
		<getDimensionHandleSet section="10.28" isCallback="false" isUsed="false"/>
		<getRangeBounds section="10.29" isCallback="false" isUsed="false"/>
		<setRangeBounds section="10.30" isCallback="false" isUsed="false"/>
		<normalizeFederateHandle section="10.31" isCallback="false" isUsed="false"/>
		<normalizeServiceGroup section="10.32" isCallback="false" isUsed="false"/>
		<enableObjectClassRelevanceAdvisorySwitch section="10.33" isCallback="false" isUsed="false"/>
		<disableObjectClassRelevanceAdvisorySwitch section="10.34" isCallback="false" isUsed="false"/>
		<enableAttributeRelevanceAdvisorySwitch section="10.35" isCallback="false" isUsed="false"/>
		<disableAttributeRelevanceAdvisorySwitch section="10.36" isCallback="false" isUsed="false"/>
		<enableAttributeScopeAdvisorySwitch section="10.37" isCallback="false" isUsed="false"/>
		<disableAttributeScopeAdvisorySwitch section="10.38" isCallback="false" isUsed="false"/>
		<enableInteractionRelevanceAdvisorySwitch section="10.39" isCallback="false" isUsed="false"/>
		<disableInteractionRelevanceAdvisorySwitch section="10.40" isCallback="false" isUsed="false"/>
		<evokeCallback section="10.41" isCallback="false" isUsed="false"/>
		<evokeMultipleCallbacks section="10.42" isCallback="false" isUsed="false"/>
		<enableCallbacks section="10.43" isCallback="false" isUsed="false"/>
		<disableCallbacks section="10.44" isCallback="false" isUsed="false"/>
	</serviceUtilization>
   <objects>
      <objectClass>
         <name>HLAobjectRoot</name>
         <sharing>Neither</sharing>
         <attribute>
            <name>HLAprivilegeToDeleteObject</name>
            <dataType>HLAtoken</dataType>
            <updateType>NA</updateType>
            <updateCondition>NA</updateCondition>
            <ownership>NoTransfer</ownership>
            <sharing>Neither</sharing>
            <transportation>HLAreliable</transportation>
            <order>Receive</order>
         </attribute>
         <objectClass>
            <name>Country</name>
            <sharing>PublishSubscribe</sharing>
            <attribute>
               <name>Name</name>
               <dataType>HLAunicodeString</dataType>
               <updateType>NA</updateType>
               <updateCondition>NA</updateCondition>
               <ownership>NoTransfer</ownership>
               <sharing>PublishSubscribe</sharing>
			   <dimensions/>
               <transportation>HLAreliable</transportation>
               <order>Receive</order>
            </attribute>
            <attribute>
               <name>Population</name>
               <dataType>HLAfloat32LE</dataType>
               <updateType>NA</updateType>
               <updateCondition>NA</updateCondition>
               <ownership>NoTransfer</ownership>
               <sharing>PublishSubscribe</sharing>
			   <dimensions/>
               <transportation>HLAreliable</transportation>
               <order>Receive</order>
            </attribute>
         </objectClass>
      </objectClass>
   </objects>
   <interactions>
      <interactionClass>
         <name>HLAinteractionRoot</name>
         <sharing>Neither</sharing>
         <interactionClass>
            <name>Communication</name>
            <sharing>PublishSubscribe</sharing>
			<dimensions/>
            <transportation>HLAreliable</transportation>
            <order>Receive</order>
            <semantics>Communication</semantics>
            <parameter>
               <name>Message</name>
               <dataType>HLAunicodeString</dataType>
               <semantics>Contents of message</semantics>
            </parameter>
            <parameter>
               <name>Sender</name>
               <dataType>HLAunicodeString</dataType>
               <semantics>The name of the person that sent the message.</semantics>
            </parameter>
         </interactionClass>
      </interactionClass>
   </interactions>
   <dimensions>
   </dimensions>
   <time>
      <timeStamp>
         <dataType>VerifierIntegerTime</dataType>
         <semantics>NA</semantics>
      </timeStamp>
      <lookahead>
         <dataType>VerifierIntegerTime</dataType>
         <semantics>NA</semantics>
      </lookahead>
   </time>
   <tags>
      <updateReflectTag>
         <dataType>NA</dataType>
         <semantics>NA</semantics>
      </updateReflectTag>
      <sendReceiveTag>
         <dataType>NA</dataType>
         <semantics>NA</semantics>
      </sendReceiveTag>
      <deleteRemoveTag>
         <dataType>NA</dataType>
         <semantics>NA</semantics>
      </deleteRemoveTag>
      <divestitureRequestTag>
         <dataType>NA</dataType>
         <semantics>NA</semantics>
      </divestitureRequestTag>
      <divestitureCompletionTag>
         <dataType>NA</dataType>
         <semantics>NA</semantics>
      </divestitureCompletionTag>
      <acquisitionRequestTag>
         <dataType>NA</dataType>
         <semantics>NA</semantics>
      </acquisitionRequestTag>
      <requestUpdateTag>
         <dataType>NA</dataType>
         <semantics>NA</semantics>
      </requestUpdateTag>
   </tags>
   <synchronizations>
      <synchronizationPoint>
         <label>First</label>
         <dataType>NA</dataType>
         <capability>RegisterAchieve</capability>
      </synchronizationPoint>
      <synchronizationPoint>
         <label>Second</label>
         <dataType>NA</dataType>
         <capability>RegisterAchieve</capability>
      </synchronizationPoint>
   </synchronizations>
   <transportations/>
   <switches>
      <autoProvide isEnabled="false"/>
      <conveyRegionDesignatorSets isEnabled="false"/>
      <conveyProducingFederate isEnabled="false"/>
      <attributeScopeAdvisory isEnabled="false"/>
      <attributeRelevanceAdvisory isEnabled="false"/>
      <objectClassRelevanceAdvisory isEnabled="false"/>
      <interactionRelevanceAdvisory isEnabled="false"/>
      <serviceReporting isEnabled="false"/>
      <exceptionReporting isEnabled="false"/>
      <delaySubscriptionEvaluation isEnabled="false"/>
      <automaticResignAction resignAction="CancelThenDeleteThenDivest"/>
   </switches>
   <updateRates>
		<updateRate>
			<name>low</name>
			<rate>0.1</rate>
			<semantics>Provides an update rate of 0.1 hertz</semantics>
		</updateRate>
		<updateRate>
			<name>med</name>
			<rate>1.0</rate>
			<semantics>Provides an update rate of 1.0 hertz</semantics>
		</updateRate>
		<updateRate>
			<name>high</name>
			<rate>10.0</rate>
			<semantics>Provides an update rate of 10.0 hertz</semantics>
		</updateRate>
   </updateRates>
   <dataTypes>
      <basicDataRepresentations>
         <basicData>
            <name>UnsignedShort</name>
            <size>16</size>
            <interpretation>Integer in the range [0, 2^16 - 1]</interpretation>
            <endian>Big</endian>
            <encoding>16-bit unsigned integer.</encoding>
         </basicData>
         <basicData>
            <name>HLAoctetPairBE</name>
            <size>16</size>
            <interpretation>16-bit value</interpretation>
            <endian>Big</endian>
            <encoding>Assumed to be portable among devices.</encoding>
         </basicData>
         <basicData>
            <name>HLAfloat32LE</name>
            <size>32</size>
            <interpretation>Single-precision floating point number</interpretation>
            <endian>Little</endian>
            <encoding>32-bit IEEE normalized single-precision format. See IEEE Std 754-1985</encoding>
         </basicData>
      </basicDataRepresentations>
      <simpleDataTypes>
         <simpleData>
            <name>HLAunicodeChar</name>
            <representation>HLAoctetPairBE</representation>
            <units>NA</units>
            <resolution>NA</resolution>
            <accuracy>NA</accuracy>
            <semantics>Unicode UTF-16 character (see The Unicode Standard, Version 3.0)</semantics>
         </simpleData>
         <simpleData>
            <name>VerfierIntegerTime</name>
            <representation>HLAinteger64BE</representation>
            <units>NA</units>
            <resolution>1</resolution>
            <accuracy>NA</accuracy>
            <semantics>Time and time intervals</semantics>
         </simpleData>
      </simpleDataTypes>
      <enumeratedDataTypes>
         <enumeratedData>
            <name>HLAorderType</name>
            <representation>HLAinteger32BE</representation>
            <semantics>Order type to be used for sending attributes or interactions</semantics>
            <enumerator>
               <name>Receive</name>
               <value>0</value>
            </enumerator>
            <enumerator>
               <name>TimeStamp</name>
               <value>1</value>
            </enumerator>
         </enumeratedData>
      </enumeratedDataTypes>
      <arrayDataTypes>
         <arrayData>
            <name>HLAunicodeString</name>
            <dataType>HLAunicodeChar</dataType>
            <cardinality>Dynamic</cardinality>
            <encoding>HLAvariableArray</encoding>
            <semantics>Unicode string representation</semantics>
         </arrayData>
         <arrayData>
            <name>HLAtoken</name>
            <dataType>HLAbyte</dataType>
            <cardinality>0</cardinality>
            <encoding>HLAfixedArray</encoding>
         </arrayData>
      </arrayDataTypes>
      <fixedRecordDataTypes/>
      <variantRecordDataTypes/>
   </dataTypes>
</objectModel>
