{
  "sleepTestTimeWaitSeconds" : "60",
  "fomFiles"        : [
    { "fileName"    : "$(IVCT_SUT_HOME_ID)/$(IVCT_SUT_ID)/$(IVCT_TESTSUITE_ID)/RPR_FOM_v2.0_1516-2010.xml" },
    { "fileName"    : "$(IVCT_SUT_HOME_ID)/$(IVCT_SUT_ID)/$(IVCT_TESTSUITE_ID)/BasicSimpleTypes.xml" }
  ],
  "somFiles"        : [
    { "fileName"    : "$(IVCT_SUT_HOME_ID)/$(IVCT_SUT_ID)/$(IVCT_TESTSUITE_ID)/BasicSimpleTypes.xml" },
    { "fileName"    : "$(IVCT_SUT_HOME_ID)/$(IVCT_SUT_ID)/$(IVCT_TESTSUITE_ID)/RPR_SOM_v2.0_1516-2010.xml" }
  ]
}
