{
    "id": "TS-HelloWorld-2019",
    "version": "2.1.1",
    "name": "HelloWorld Tutorial Badge",
    "description": "This is a simple example for a testsuite to test the compliance of an federate to the hello world federation.",
    "tsRunTimeFolder": "TS_HelloWorld-2.1.1/bin",
    "tsLibTimeFolder": "TS_HelloWorld-2.1.1/lib",
    "testcases": [{
            "TC": "de.fraunhofer.iosb.tc_helloworld.TC0001",
            "IR": ["IR-HW-0001"],
            "description": "Test population growing rate"
        },
        {
            "TC": "de.fraunhofer.iosb.tc_helloworld.TC0002",
            "IR": ["IR-HW-0002"],
            "description": "Test inter-country communication"
        }
    ]
}
