{
    "id": "TS-HLA-Verification-2019",
    "version": "2.1.0",
    "name": "HLA Verification Test 2019",
    "description": "This test case is equivalent to the FCTT_NG configuration verification step.",
    "tsRunTimeFolder": "TS_CS_Verification-2.1.0/bin",
    "tsLibTimeFolder": "TS_CS_Verification-2.1.0/lib",
    "testcases": [{
        "TC": "nato.ivct.etc.fr.tc_cs_verification.TC_001_Files_Check",
        "IR": ["IR-DOC-0001", "IR-SOM-0001", "IR-SOM-0002"],
        "description": "Test SuT CS/SOM to be valid and consistent"
    }]
}
