<?xml version="1.0" encoding="UTF-8"?>
<configuration>
  <contextListener class="org.eclipse.scout.rt.platform.logger.AutoRegisteringJulLevelChangePropagator" />

  <variable scope="context" name="mdcPattern" value="principal=%X{subject.principal.name}, httpUri=%X{http.request.uri}, uiSession=%X{scout.ui.session.id}, scoutSession=%X{scout.session.id}, jobName=%X{scout.job.name}, cid=%X{scout.correlation.id}" />
  <variable scope="context" name="mdcPatternWithoutEmptyValues" value="%replace(${mdcPattern}){'(, )?\\w+=((?=\\1)|, |$)', ''}" />
  <variable scope="context" name="logPattern" value="%date{ISO8601} %-5level [%thread] %logger - %msg - MDC[${mdcPatternWithoutEmptyValues}]%n%ex" />

  <appender class="ch.qos.logback.core.rolling.RollingFileAppender" name="FILE">
    <!-- Sample for Tomcat Log Folder -->
    <file>${catalina.base}/logs/nato.ivct.gui.nato.ivct.gui.html.ui.log</file>
    <rollingPolicy class="ch.qos.logback.core.rolling.TimeBasedRollingPolicy">
      <fileNamePattern>${catalina.base}/logs/nato.ivct.gui.nato.ivct.gui.html.ui-%d{yyyy-MM-dd}.log</fileNamePattern>
      <maxHistory>100</maxHistory>
    </rollingPolicy>
    <encoder>
      <pattern>${logPattern}</pattern>
    </encoder>
  </appender>

  <root level="INFO">
    <appender-ref ref="FILE" />
  </root>

  <logger name="org.quartz" level="WARN" />
</configuration>
