<?xml version="1.0" encoding="UTF-8"?>
<Server port="8005" shutdown="SHUTDOWN">

  <Listener className="org.apache.catalina.startup.VersionLoggerListener" />

  <Listener className="org.apache.catalina.core.AprLifecycleListener" SSLEngine="on" />

  <!-- Prevent memory leaks due to use of particular java/javax APIs-->

  <Listener className="org.apache.catalina.core.JreMemoryLeakPreventionListener" />

  <Listener className="org.apache.catalina.mbeans.GlobalResourcesLifecycleListener" />

  <Listener className="org.apache.catalina.core.ThreadLocalLeakPreventionListener" />


  <GlobalNamingResources>

    <Resource name="UserDatabase" auth="Container"
              type="org.apache.catalina.UserDatabase"
              description="User database that can be updated and saved"
              factory="org.apache.catalina.users.MemoryUserDatabaseFactory"
              pathname="conf/tomcat-users.xml" />
  </GlobalNamingResources>


  <Service name="IVCT">

    <Connector port="8080" protocol="HTTP/1.1"
               connectionTimeout="20000"
               redirectPort="8443" />


    <Engine name="IVCTRun" defaultHost="localhost">


      <!-- Use the LockOutRealm to prevent attempts to guess user passwords
           via a brute-force attack -->
      <Realm className="org.apache.catalina.realm.LockOutRealm">

        <Realm className="org.apache.catalina.realm.UserDatabaseRealm"
               resourceName="UserDatabase"/>
      </Realm>

      <Host name="localhost"  appBase="webapps"
                  unpackWARs="true" autoDeploy="true">


       <Valve className="org.apache.catalina.valves.AccessLogValve"
               directory="logs" prefix="localhost_access_log" suffix=".txt"
               pattern="%h %l %u %t &quot;%r&quot; %s %b" />

       <Context path="" docBase="ivct.gui.ui.html##3.1.0-SNAPSHOT"  reloadable="true" >
       </Context>


      </Host>
    </Engine>
  </Service>
</Server>
