<?xml version="1.0" encoding="utf-8"?>
<objectModel xsi:schemaLocation="http://standards.ieee.org/IEEE1516-2010 http://standards.ieee.org/downloads/1516/1516.2-2010/IEEE1516-DIF-2010.xsd" xmlns="http://standards.ieee.org/IEEE1516-2010" xmlns:xsi="http://www.w3.org/2001/XMLSchema-instance">
   <modelIdentification>
      <name>HelloWorld.xml</name>
      <type>FOM</type>
      <version>1.0</version>
      <modificationDate>2001-05-21</modificationDate>
      <securityClassification>Undefined</securityClassification>
      <purpose>Example SOM</purpose>
      <applicationDomain>HLA RTI Verification</applicationDomain>
      <description>Undefined</description>
      <poc>
         <pocType>Primary author</pocType>
         <pocName>Susan Symington</pocName>
         <pocOrg>MITRE W150</pocOrg>
         <pocTelephone>+1 703-883-7209</pocTelephone>
         <pocEmail>susan@mitre.org</pocEmail>
      </poc>
      <poc>
         <pocType>Sponsor</pocType>
         <pocName>DMSO</pocName>
      </poc>
      <reference>
         <type>Text</type>
         <identification>http://www.dmso.mil/index.php?page=72</identification>
      </reference>
      <reference>
         <type>HLA Evolved Conversion Tool</type>
         <identification>Pitch Visual OMT 1516 v1.5.1</identification>
      </reference>
      <reference>
         <type>Converted From</type>
         <identification>Chat.xml</identification>
      </reference>
   </modelIdentification>
   <objects>
      <objectClass>
         <name>HLAobjectRoot</name>
         <sharing>Neither</sharing>
         <attribute>
            <name>HLAprivilegeToDeleteObject</name>
            <dataType>HLAtoken</dataType>
            <updateType>NA</updateType>
            <updateCondition>NA</updateCondition>
            <ownership>NoTransfer</ownership>
            <sharing>Neither</sharing>
            <transportation>HLAreliable</transportation>
            <order>Receive</order>
         </attribute>
         <objectClass>
            <name>Country</name>
            <sharing>PublishSubscribe</sharing>
            <attribute>
               <name>Name</name>
               <dataType>HLAunicodeString</dataType>
               <updateType>NA</updateType>
               <updateCondition>NA</updateCondition>
               <ownership>NoTransfer</ownership>
               <sharing>PublishSubscribe</sharing>
			   <dimensions/>
               <transportation>HLAreliable</transportation>
               <order>Receive</order>
            </attribute>
            <attribute>
               <name>Population</name>
               <dataType>HLAfloat32LE</dataType>
               <updateType>NA</updateType>
               <updateCondition>NA</updateCondition>
               <ownership>NoTransfer</ownership>
               <sharing>PublishSubscribe</sharing>
			   <dimensions/>
               <transportation>HLAreliable</transportation>
               <order>Receive</order>
            </attribute>
         </objectClass>
      </objectClass>
   </objects>
   <interactions>
      <interactionClass>
         <name>HLAinteractionRoot</name>
         <sharing>Neither</sharing>
         <interactionClass>
            <name>Communication</name>
            <sharing>PublishSubscribe</sharing>
            <transportation>HLAreliable</transportation>
            <order>Receive</order>
            <semantics>Communication</semantics>
            <parameter>
               <name>Message</name>
               <dataType>HLAunicodeString</dataType>
               <semantics>Contents of message</semantics>
            </parameter>
            <parameter>
               <name>Sender</name>
               <dataType>HLAunicodeString</dataType>
               <semantics>The name of the person that sent the message.</semantics>
            </parameter>
         </interactionClass>
      </interactionClass>
   </interactions>
   <dimensions>
   </dimensions>
   <time>
      <timeStamp>
         <dataType>VerifierIntegerTime</dataType>
      </timeStamp>
      <lookahead>
         <dataType>VerifierIntegerTime</dataType>
      </lookahead>
   </time>
   <tags>
      <updateReflectTag>
         <dataType>NA</dataType>
         <semantics>NA</semantics>
      </updateReflectTag>
      <sendReceiveTag>
         <dataType>NA</dataType>
         <semantics>NA</semantics>
      </sendReceiveTag>
      <deleteRemoveTag>
         <dataType>NA</dataType>
         <semantics>NA</semantics>
      </deleteRemoveTag>
      <divestitureRequestTag>
         <dataType>NA</dataType>
         <semantics>NA</semantics>
      </divestitureRequestTag>
      <divestitureCompletionTag>
         <dataType>NA</dataType>
         <semantics>NA</semantics>
      </divestitureCompletionTag>
      <acquisitionRequestTag>
         <dataType>NA</dataType>
         <semantics>NA</semantics>
      </acquisitionRequestTag>
      <requestUpdateTag>
         <dataType>NA</dataType>
         <semantics>NA</semantics>
      </requestUpdateTag>
   </tags>
   <synchronizations>
      <synchronizationPoint>
         <label>First</label>
         <dataType>NA</dataType>
         <capability>RegisterAchieve</capability>
      </synchronizationPoint>
      <synchronizationPoint>
         <label>Second</label>
         <dataType>NA</dataType>
         <capability>RegisterAchieve</capability>
      </synchronizationPoint>
   </synchronizations>
   <transportations/>
   <switches>
      <autoProvide isEnabled="false"/>
      <conveyRegionDesignatorSets isEnabled="false"/>
      <conveyProducingFederate isEnabled="false"/>
      <attributeScopeAdvisory isEnabled="false"/>
      <attributeRelevanceAdvisory isEnabled="false"/>
      <objectClassRelevanceAdvisory isEnabled="false"/>
      <interactionRelevanceAdvisory isEnabled="false"/>
      <serviceReporting isEnabled="false"/>
      <exceptionReporting isEnabled="false"/>
      <delaySubscriptionEvaluation isEnabled="false"/>
      <automaticResignAction resignAction="CancelThenDeleteThenDivest"/>
   </switches>
   <dataTypes>
      <basicDataRepresentations>
         <basicData>
            <name>UnsignedShort</name>
            <size>16</size>
            <interpretation>Integer in the range [0, 2^16 - 1]</interpretation>
            <endian>Big</endian>
            <encoding>16-bit unsigned integer.</encoding>
         </basicData>
         <basicData>
            <name>HLAoctetPairBE</name>
            <size>16</size>
            <interpretation>16-bit value</interpretation>
            <endian>Big</endian>
            <encoding>Assumed to be portable among devices.</encoding>
         </basicData>
         <basicData>
            <name>HLAfloat32LE</name>
            <size>32</size>
            <interpretation>Single-precision floating point number</interpretation>
            <endian>Little</endian>
            <encoding>32-bit IEEE normalized single-precision format. See IEEE Std 754-1985</encoding>
         </basicData>
      </basicDataRepresentations>
      <simpleDataTypes>
         <simpleData>
            <name>HLAunicodeChar</name>
            <representation>HLAoctetPairBE</representation>
            <units>NA</units>
            <resolution>NA</resolution>
            <accuracy>NA</accuracy>
            <semantics>Unicode UTF-16 character (see The Unicode Standard, Version 3.0)</semantics>
         </simpleData>
         <simpleData>
            <name>VerfierIntegerTime</name>
            <representation>HLAinteger64BE</representation>
            <units>NA</units>
            <resolution>1</resolution>
            <accuracy>NA</accuracy>
            <semantics>Time and time intervals</semantics>
         </simpleData>
      </simpleDataTypes>
      <enumeratedDataTypes>
         <enumeratedData>
            <name>HLAorderType</name>
            <representation>HLAinteger32BE</representation>
            <semantics>Order type to be used for sending attributes or interactions</semantics>
            <enumerator>
               <name>Receive</name>
               <value>0</value>
            </enumerator>
            <enumerator>
               <name>TimeStamp</name>
               <value>1</value>
            </enumerator>
         </enumeratedData>
      </enumeratedDataTypes>
      <arrayDataTypes>
         <arrayData>
            <name>HLAunicodeString</name>
            <dataType>HLAunicodeChar</dataType>
            <cardinality>Dynamic</cardinality>
            <encoding>HLAvariableArray</encoding>
            <semantics>Unicode string representation</semantics>
         </arrayData>
         <arrayData>
            <name>HLAtoken</name>
            <dataType>HLAbyte</dataType>
            <cardinality>0</cardinality>
            <encoding>HLAfixedArray</encoding>
         </arrayData>
      </arrayDataTypes>
      <fixedRecordDataTypes/>
      <variantRecordDataTypes/>
   </dataTypes>
</objectModel>
