{
    "id": "HLA-BASE-2019",
    "version": "2.0.0",
    "name": "HLA Basic Test 2019",
    "description": "Basic CS/SOM and Best Practices compliance",
    "graphics": "HLA-BASE-2019.png",
    "dependency": [],
    "requirements": [{
            "id": "IR-DOC-0001",
            "description": "SuT interoperability capabilities shall be documented in a Conformance Statement including a SOM and a FOM with a minimum set of supporting FOM modules"
        },
        {
            "id": "IR-SOM-0001",
            "description": "SuT CS/SOM shall be valid"
        },
        {
            "id": "IR-SOM-0002",
            "description": "SuT CS/SOM shall be consistent"
        },
        {
            "id": "IR-SOM-0003",
            "description": "SuT shall publish all object class attributes defined as published in CS/SOM"
        },
        {
            "id": "IR-SOM-0004",
            "description": "SuT shall not publish any object class attribute that is not defined as published in CS/SOM"
        },
        {
            "id": "IR-SOM-0005",
            "description": "SuT shall publish all interaction classes defined as published is CS/SOM"
        },
        {
            "id": "IR-SOM-0006",
            "description": "SuT shall not publish any interaction class that is not defined as published is CS/SOM"
        },
        {
            "id": "IR-SOM-0007",
            "description": "SuT shall subscribe to all object class attributes defined as subscribed in CS/SOM"
        },
        {
            "id": "IR-SOM-0008",
            "description": "SuT shall not subscribe to any object class attribute that is not defined as subscribed in CS/SOM"
        },
        {
            "id": "IR-SOM-0009",
            "description": "SuT shall subscribe to all interaction classes defined as subscribed in CS/SOM"
        },
        {
            "id": "IR-SOM-0010",
            "description": "SuT shall not subscribe to any interaction class that is not defined as subscribed in CS/SOM"
        },
        {
            "id": "IR-SOM-0011",
            "description": "SuT shall register at least one object instance for each published object class"
        },
        {
            "id": "IR-SOM-0012",
            "description": "SuT shall discover object instances for all object classes with attributes defined as subscribed in CS/SOM"
        },
        {
            "id": "IR-SOM-0013",
            "description": "SuT shall update attribute values for each published object class attribute"
        },
        {
            "id": "IR-SOM-0014",
            "description": "SuT shall reflect attribute values for each subscribed object class attribute"
        },
        {
            "id": "IR-SOM-0015",
            "description": "SuT shall send at least one interaction for each published interaction class"
        },
        {
            "id": "IR-SOM-0016",
            "description": "SuT shall receive interactions for each subscribed interaction class"
        },
        {
            "id": "IR-SOM-0019",
            "description": "SuT shall implement/use all HLA services as described as implemented/used in CS/SOM"
        },
        {
            "id": "IR-SOM-0020",
            "description": "SuT shall not implement/use any HLA service that is not described as implemented/used in CS/SOM"
        },
        {
            "id": "IR-SOM-0017",
            "description": "SuT shall encode all updated attribute values according to CS/SOM"
        },
        {
            "id": "IR-SOM-0018",
            "description": "SuT shall encode all sent interaction class parameters according to CS/SOM"
        }
    ]
}
